{
	"events": [
		{
			"animation": "1-fade_in.gd",
			"animation_length": 1,
			"change_mirror_portrait": false,
			"change_z_index": false,
			"character": "character-1670824544.json",
			"event_id": "dialogic_002",
			"mirror_portrait": false,
			"portrait": "Default",
			"portrait_definition": "",
			"position": {
				"0": false,
				"1": false,
				"2": false,
				"3": false,
				"4": true
			},
			"type": 0,
			"z_index": 0
		},
		{
			"character": "character-1670824544.json",
			"event_id": "dialogic_001",
			"portrait": "",
			"text": "What is this?.. "
		},
		{
			"character": "character-1670824544.json",
			"event_id": "dialogic_001",
			"portrait": "",
			"text": "Ah..HaHa! "
		},
		{
			"character": "character-1670824544.json",
			"event_id": "dialogic_001",
			"portrait": "",
			"text": "Oh you foolish humans, you poor foolish humans. Thanks to you I now walk on the Mortal Plane Once More!"
		},
		{
			"character": "character-1670824544.json",
			"event_id": "dialogic_001",
			"portrait": "",
			"text": "Hmm.. It seems the summoning has drained me. I must Rest to recover. No matter!"
		},
		{
			"character": "character-1670824544.json",
			"event_id": "dialogic_001",
			"portrait": "",
			"text": "As for you human, I will spare you so that you may see the destruction you have wrought."
		},
		{
			"background": "",
			"event_id": "dialogic_021"
		}
	],
	"metadata": {
		"dialogic-version": "1.4.5",
		"file": "timeline-1670827735.json",
		"name": "GameStart"
	}
}
